mean_amplitude,std_amplitude,max_amplitude,min_amplitude,rms_energy,zcr_mean,zcr_std,energy_mean,energy_std,energy_max,energy_min,signal_length,duration,spectral_centroid,spectral_bandwidth,spectral_rolloff,spectral_flatness,mfcc_1_mean,mfcc_1_std,mfcc_1_max,mfcc_1_min,mfcc_2_mean,mfcc_2_std,mfcc_2_max,mfcc_2_min,mfcc_3_mean,mfcc_3_std,mfcc_3_max,mfcc_3_min,mfcc_4_mean,mfcc_4_std,mfcc_4_max,mfcc_4_min,mfcc_5_mean,mfcc_5_std,mfcc_5_max,mfcc_5_min,mfcc_6_mean,mfcc_6_std,mfcc_6_max,mfcc_6_min,mfcc_7_mean,mfcc_7_std,mfcc_7_max,mfcc_7_min,mfcc_8_mean,mfcc_8_std,mfcc_8_max,mfcc_8_min,mfcc_9_mean,mfcc_9_std,mfcc_9_max,mfcc_9_min,mfcc_10_mean,mfcc_10_std,mfcc_10_max,mfcc_10_min,mfcc_11_mean,mfcc_11_std,mfcc_11_max,mfcc_11_min,mfcc_12_mean,mfcc_12_std,mfcc_12_max,mfcc_12_min,mfcc_13_mean,mfcc_13_std,mfcc_13_max,mfcc_13_min,mfcc_delta_1_mean,mfcc_delta_1_std,mfcc_delta2_1_mean,mfcc_delta2_1_std,mfcc_delta_2_mean,mfcc_delta_2_std,mfcc_delta2_2_mean,mfcc_delta2_2_std,mfcc_delta_3_mean,mfcc_delta_3_std,mfcc_delta2_3_mean,mfcc_delta2_3_std,mfcc_delta_4_mean,mfcc_delta_4_std,mfcc_delta2_4_mean,mfcc_delta2_4_std,mfcc_delta_5_mean,mfcc_delta_5_std,mfcc_delta2_5_mean,mfcc_delta2_5_std,mfcc_delta_6_mean,mfcc_delta_6_std,mfcc_delta2_6_mean,mfcc_delta2_6_std,mfcc_delta_7_mean,mfcc_delta_7_std,mfcc_delta2_7_mean,mfcc_delta2_7_std,mfcc_delta_8_mean,mfcc_delta_8_std,mfcc_delta2_8_mean,mfcc_delta2_8_std,mfcc_delta_9_mean,mfcc_delta_9_std,mfcc_delta2_9_mean,mfcc_delta2_9_std,mfcc_delta_10_mean,mfcc_delta_10_std,mfcc_delta2_10_mean,mfcc_delta2_10_std,mfcc_delta_11_mean,mfcc_delta_11_std,mfcc_delta2_11_mean,mfcc_delta2_11_std,mfcc_delta_12_mean,mfcc_delta_12_std,mfcc_delta2_12_mean,mfcc_delta2_12_std,mfcc_delta_13_mean,mfcc_delta_13_std,mfcc_delta2_13_mean,mfcc_delta2_13_std,mel_mean,mel_std,mel_max,mel_min,chroma_mean,chroma_std,contrast_mean,contrast_std,tonnetz_mean,tonnetz_std,f0_mean,f0_std,f0_max,f0_min,f0_range,jitter_approx,voiced_ratio,hnr_approx,file_path,file_name,filter_applied,cohort,cohort_numeric
0.008372190756240806,0.012931764094324512,0.2670995904521767,6.174112997942016e-08,0.012931764094451499,0.24115431552694405,0.030927837905604737,0.06701246929807361,0.06791618086808836,0.6513181166363906,0.0025884261428477055,375200,23.45,2096.759243987857,729.1734291997,2864.3923240938166,0.02281661554760046,-489.4940937521305,22.075292014625745,-413.9607645072847,-546.7068811464701,-18.978509978212657,7.297237857843363,52.12904879679234,-35.04771726786781,-278.8135700944026,14.651594910925768,-161.34542692313144,-322.16570379891436,15.38181718776291,7.095079484737262,46.32888966268918,-6.750056907494933,-11.735885885998579,7.8292813671155885,24.678068078727648,-33.579897297846784,18.91481746475458,6.567356586461001,37.772913457958666,-5.040680556042082,62.35937520545992,7.962950527997582,92.41986809371838,19.050599077517848,-14.482516183914193,4.11398392799182,-1.8615729442935767,-32.36268862051928,2.944357758654069,5.494462370405455,14.817924855460534,-15.480024543344172,-2.9842944826606352,5.0297306572319584,14.652814034930994,-19.01467437054246,-5.733046294450815,3.895464539306564,6.159002583962865,-22.394982736964515,1.6893950965979614,4.943499609536509,14.942764664353295,-11.181640914823836,-4.8352907469125395,5.022994924429309,11.016289774578787,-16.796916466762436,0.0820013899922317,2.9411706839106344,-0.004750725227409658,1.831151635520102,-0.020358520711097443,1.0654818812883238,0.05655230167949429,0.8276063176144636,-0.06324076496797733,2.1580387335626185,0.09647362346969464,1.3650326756046824,-0.015557065831790302,1.0783674340488048,0.03672698031589797,0.7597089960372936,-0.012915528768249737,1.0641701780444888,0.033927819348658676,0.7136088466036382,0.026576217070556015,1.0110996368735183,-0.012601240948924529,0.7461504851528178,0.007962009034174844,1.1737256546696602,-0.054254319146837406,0.9540566408611671,0.010182442021365052,0.6369734398185042,-0.010808792893032873,0.42778956381046185,-0.0009473006712782291,0.7212712900783325,0.0003285134780792537,0.5474590233968766,-0.018383464183119695,0.7085716631598771,0.0052672176504909045,0.5611859081353485,0.014391458137301172,0.5695678905824161,0.009707407770697925,0.4086752315910039,0.001231902028667201,0.6805966828509515,0.0020618258072666634,0.47707223745648164,-0.010282310171095701,0.5012186597153504,-0.0024602244892564687,0.3756966026854327,0.024732774273776806,0.1057172031954303,5.142689654438414,6.808282490166067e-22,0.3700155826649515,0.2840260773528338,26.44043945216526,15.807410900827028,-0.020925096602388345,0.07006770129142811,85.13746683937914,66.0014344791152,400.0,51.51962094828831,348.4803790517117,0.6934404649049815,1.0,3.5495851852610767,preprocessed_data\PD\processed_0001.wav,processed_0001.wav,conservative_filter,PD,1
0.01698640885787271,0.02650505717494446,0.39011893272391546,4.8993661319184523e-08,0.02650505717494507,0.23110792866253643,0.012314555877825683,0.2811555894778495,0.24257213087567794,1.4544039154217443,0.005331621956359432,351200,21.95,2048.5477104659776,714.4957496719805,2928.2915717539863,0.01485165973208206,-443.7757951363917,33.306192720802265,-374.20455978171316,-553.2033172077519,-32.335734750565884,5.225315925319032,-15.40364727265072,-47.631909339288214,-276.2045661780956,21.481278936364337,-198.13630052039287,-318.8793286283058,26.22938944918378,6.336855072527263,64.74265986597409,10.270529393448443,4.200531787066175,13.769008889148592,37.19956778456435,-25.201980439541234,30.96766174296677,6.771831679973623,49.13479040957287,11.52800998220879,45.81869251800634,9.693026384668194,64.31810078269416,22.77319546105589,-15.929444000408926,5.12416502346588,-0.051878581979628656,-39.238328082509156,15.391551000723027,7.889723279726559,38.749481470439804,-2.247447000649341,-23.142804245756665,3.490798873858855,-13.286033222581445,-34.65041906421666,-14.608484744951838,4.876227079690816,-0.13245241595747242,-25.42565789855719,10.891686663072488,5.0932746444815615,25.542278796056245,-2.3993974636644633,-5.285109522259794,6.372342890565745,11.360352522836395,-17.623798470405635,-0.17581522910748157,2.006984458229146,-0.008758199033718612,1.1745556723689117,0.0008957283783057699,0.6839746225185309,-0.00021295217033771927,0.4743558164845988,0.09721129671307517,1.5568826333067702,0.03353986827011487,0.8955887050492275,-0.03310062095472507,0.8975947268641227,0.03167671670216624,0.6281348919683449,0.04808964931326137,0.8725569126793503,-3.900618165181167e-05,0.5445479280472173,-0.01311217769607169,0.7724624491723564,-0.009315510586288284,0.5432889619899253,-0.04552323690893152,0.7237758137904031,-0.00934579432671806,0.5046503502856174,0.02983274497814465,0.7062155210922828,-0.004377989433434581,0.4512400562159417,-0.016372626111779375,0.6788845170930867,-0.006492794224063629,0.5583517816697129,-0.0010485202399113768,0.5657714368205956,-0.004273210829034647,0.4117981483461683,0.00814694426496172,0.6593804155458571,0.005717786252036889,0.5553325972600107,-0.006067086644489163,0.6530269751551095,0.010712045181718645,0.4893917165058504,0.01580645705207409,0.47300438840217307,0.007581624568297023,0.35745098912640133,0.10483724859123832,0.47492543431485196,16.73172080965209,1.2878689206691334e-21,0.35054053285139664,0.27986735015087,27.821503852337663,17.179279041908092,-0.017718461671147313,0.07793281560107006,111.22093501406151,59.20436886618108,206.9995046649551,66.534039591102,140.46546507385312,0.3267132784227499,1.0,8.526826023239803,preprocessed_data\PD\processed_0002.wav,processed_0002.wav,conservative_filter,PD,1
0.011705250425423202,0.017268084070978292,0.4058469066087315,1.2401424766522295e-07,0.017268084071010055,0.2188480484437751,0.031021518104097333,0.1192089550068468,0.22837968906278527,6.005961960718992,0.010003164571605947,382400,23.9,2084.237127636954,687.6609298152028,2802.55230125523,0.020211923209358443,-477.74665838133615,21.21323278071364,-360.4161810879881,-535.2702748827344,-24.86837827430038,9.427822674629986,35.22320587563516,-74.91906946033589,-260.8874756501865,13.193141525665974,-219.9366621770733,-323.02718020224063,22.184192370398115,10.798318573481222,75.17839739315868,-1.4593574763478478,16.414410867720083,9.547806409038051,42.938864410952576,-15.25581540950964,25.517831217295868,6.35059525984651,42.6957792424196,4.263308648526317,48.43584494222499,7.185551687839624,68.7477427239813,25.558990202077375,-26.3490656650419,7.747912682061461,1.1889865828257524,-46.76254540986734,-4.22162847334285,6.24191041811281,15.204444783588634,-24.28534633200075,0.021458616753921123,6.159618166519125,17.939848244621317,-27.734567843207984,0.0705988390812947,5.795448176911676,21.658083313926845,-13.11387128761842,-1.9606772045741547,5.821768964351228,18.300161083051073,-16.566951847697535,-16.317808672335953,5.780704903824324,10.80042192117633,-35.9913232833498,-0.16996257946034204,3.3043997690602493,0.04017299979000817,2.117747414864576,-0.0006564540224344945,1.38902807609496,0.05252644525202929,1.0636769846443492,0.05098484500948652,1.798309919676741,0.024782567947118035,1.2261079355622013,-0.08621206987611572,1.5158733946874896,8.252420982909216e-05,0.8719034327747076,0.009100689851860584,1.2454421726065408,-0.001466539329358854,0.8634396495713029,0.014171483353796038,0.8530082152203475,-0.008803925311350325,0.5286306253738557,0.010817244846209413,0.656986671374779,-0.010835991926054014,0.4673920485785335,-0.010662021936729042,0.8640156206237473,-0.00838784718686916,0.5822823839134283,-0.01737570565074193,0.921232537309298,-0.0001794785503767197,0.5772130464392209,0.030031320921013117,0.965492417683664,0.016524003420236938,0.7617956901058366,0.02191297310582484,0.6742497837382587,0.007494531154804087,0.4593336378305651,-0.0025400790822699523,0.7645437744412992,-0.006533650600217039,0.4558996678532226,-0.04602517050791032,0.8496253165722579,0.001413539808681644,0.5899917388829224,0.04477526184572897,0.21780520288602914,15.096207230670283,1.0811000925983519e-21,0.2976107264665623,0.30602422961236825,27.97409688507118,16.163393148507588,0.0229951847271437,0.05860604738274274,67.7292131998455,5.514981006773135,99.4244810667667,66.54504318272751,32.87943788403919,0.113290259140118,1.0,3.993947538053044,preprocessed_data\HC\processed_0001.wav,processed_0001.wav,conservative_filter,HC,0
0.032774306114593636,0.04433511585717346,0.529383929125619,1.9265667923072834e-08,0.044335115857230066,0.1821627348856209,0.010047152930806498,0.7859145398779329,0.3234527730835653,8.28276577184145,0.26843508628793183,391600,24.475,1765.7932803115916,608.3484222104618,2524.535240040858,0.011870002073830111,-407.14925344995794,12.27022750637009,-359.5765848444549,-438.06487618300145,-5.670880739315671,8.541744903907738,69.74872888361551,-29.458362613852685,-272.9346030214384,8.349541783481794,-218.66019692937522,-313.07300286527203,-9.343195810542907,10.554596250251132,21.010163596270232,-32.90034809353738,21.563502281423602,5.016799284731244,46.0932322268318,8.454806411521357,36.89531835935183,3.696768739946728,52.616259813346325,23.440787177889508,47.643913556781776,3.62765994906878,61.463381937464206,29.830088399854827,-25.242136192977917,3.8333371533972347,-14.870840736121188,-47.54228414016647,6.077155132565727,2.676122784303444,15.226472521559746,-3.1529887791747706,2.9322328234235626,5.342701494180884,16.474504240965643,-13.30541091419327,-18.63260583494754,5.2920128890362355,-6.017980879383199,-40.72321560911824,-5.123116650473224,4.0367714140522795,13.91286470437429,-11.964131970283045,-3.0807281830254407,3.941260601409167,11.946342454688812,-12.066309718625885,0.009260951610448768,2.358214389288088,-0.009060407965729638,1.8775419819389654,0.05321507124607631,1.6789464497657771,0.027826852785655012,1.4320701077160518,0.05578269559699682,1.5236417079079791,0.045207929041984195,1.1937102899845387,-0.02257775428083687,2.0685935057547953,0.008881165300342792,1.7205034774211534,-0.039730116377302775,0.8569444786670872,-0.0016521492717825096,0.6255008869137814,-0.011274901845388636,0.5907988003038469,-0.003241305402255889,0.3383698788107546,0.005849743386458214,0.5746230477927546,-0.0062028157133387765,0.35955579840875196,0.01815722721004756,0.6444955886175371,-0.012046984545666113,0.39129842654967784,-0.003868057825051582,0.4291985150195243,-0.008230778932337408,0.31131717704019546,0.004983336308741253,0.9998071923783661,0.007460781851840312,0.8508405873028063,0.02298858499854319,0.7975008136262067,0.007327799036451681,0.6940858618380664,-0.01876778645790877,0.42273280003044,0.0035514078199741323,0.33830624159856293,-0.01819675282989034,0.435318533425144,0.0001949201482102822,0.354747517364347,0.3470789153648019,1.4635522601576725,52.58537532316211,5.491808970102121e-21,0.29555916039229885,0.307111638759288,27.940781004778835,17.005353026452237,0.011344854624598315,0.10539170309762569,113.67681567302677,60.534955009272146,390.44263782633357,63.583335261510236,326.85930256482334,0.35070664437271964,1.0,9.928026998277637,preprocessed_data\HC\processed_0002.wav,processed_0002.wav,conservative_filter,HC,0
0.006731453107120401,0.012883435329813094,0.4360309418811357,2.039148029223765e-08,0.012883435329814903,0.16569235846606647,0.020932296143510304,0.0663142067664848,0.23965471542979777,2.431266754956593,0.0010131662124103703,369200,23.075,1759.0106391454847,690.4000221145134,2668.2556879739977,0.008793444989419592,-485.4307926651424,28.507815549063853,-358.26310515776106,-560.6223903606876,-5.801188654681443,7.430943270015122,12.959983316332714,-23.44911611179868,-204.2502866072268,21.961560277950667,-140.410796901842,-296.6141772474495,-1.0532297980750256,11.113958153309724,21.044968585688707,-29.890185967513844,21.1477442051987,5.352428198845824,35.582989220463794,-6.599607131970702,22.197061616029757,5.65259327078492,39.150825947879056,9.719961595572823,47.59245950588209,5.916683771759334,74.84040111287001,34.70890633574514,-19.973205813611017,3.066854180251345,-11.631146811636853,-30.787003085790317,-13.95519600025745,6.1435275722534985,3.878551278277567,-28.565313942385075,0.003120207716250985,5.1397077253973285,19.211499444410837,-12.388729936412044,-8.61490107159641,2.6481806448628538,1.636297627124645,-16.224205942814702,6.846222571694167,3.8472576959398253,15.510712996406005,-12.126194011138434,0.15199332928736578,4.335192117304535,12.599115256089226,-11.642399485450191,-0.08921605507589797,2.580671159562003,-0.0734611952987488,2.511984843813516,-0.023301919057888764,0.9347179533191121,-0.009307234530498979,0.9578705788999655,0.07005323907148228,1.9521346702743387,0.05542684150424051,1.9767466694004783,0.04082111494161151,1.3344359062127262,0.015216702290579589,1.2819172785188018,0.023078135889227223,0.6411805139661567,0.015389583836058696,0.47779123340861773,-0.02216969616227619,0.5791717109298176,-0.004651215328823804,0.37795438504588913,-0.04140513386636626,0.6072318595984543,-0.01835900062883717,0.4460026420080911,0.007601274544163036,0.5024654080682011,-0.004788473326756814,0.3345770858636275,0.0014782098566529175,0.8079282012997812,-0.008457757307983508,0.6706703415037515,-0.007472925803593223,0.6702990483608945,0.006366790490042138,0.6750201340375801,0.011135261067242202,0.4044780167404671,0.0033275518762205195,0.2837493959682378,0.00817690795210654,0.5495293614418055,-0.004866923282341326,0.3884638149472504,-0.0005574291395458015,0.5761784272628367,0.007651229270579571,0.44617429788579854,0.032441406636690304,0.6897113532804807,58.93042845855991,1.3062219153352808e-22,0.3099995996819781,0.29437644308522387,26.574410111967605,15.414961592254631,-0.045778676521881376,0.11591227814136398,161.33987100664342,88.52666604430942,400.0,50.0,350.0,0.564820815825613,1.0,4.550101686442052,preprocessed_data\HC\processed_0003.wav,processed_0003.wav,conservative_filter,HC,0
0.007849213285997534,0.014622415559320487,0.30603331645383064,1.5201999331878973e-08,0.014622415559328032,0.18099566587467783,0.014499000130857002,0.0855909964275291,0.1009585083586554,1.3954871383478942,0.0029307364739154557,397200,24.825,1801.6415592033857,638.229345243821,2507.512588116818,0.017299537409067933,-478.6283357435656,24.79865306763986,-391.37321759024655,-544.2148129873223,-0.01843471221699733,10.006420449953291,35.36256139291574,-28.232650896984858,-259.7061943254047,18.220741589924394,-196.64091393449684,-319.7362366833938,-13.929666163566207,12.810013613006593,20.61147614512521,-44.45124575416607,12.873970307802878,7.342854048839267,34.261412208881325,-4.912785877542857,28.32349452807751,3.045513401432175,35.28173520630588,14.410605629119772,48.634994506511845,4.648473868932436,57.936785655051686,28.625312957131754,-12.937503296480026,2.7489911920044263,-2.3355354269132205,-23.346033354829853,4.690700195372412,4.319288804067423,14.650215388814757,-9.274306961636803,-4.461924366428056,3.8539691005180146,4.3195032757617255,-16.066219059445036,-11.207943198876144,3.995300630898599,2.5943452795226514,-24.327701452292516,-0.5234543818895921,2.775524739519372,7.287023198947429,-8.488214321373832,-9.33627956078392,5.520912184859631,8.740330948515426,-25.622811546578653,-0.03770703999880571,2.8394957747167306,-0.05338396850225369,2.8878737837699546,0.03336377280382322,1.4907803716332129,0.026642382552357326,1.5325180855084264,0.05313009520880844,1.8134699625873663,0.06679772150101747,1.7716274855170215,-0.015269001771922034,1.8573062210610598,0.0019262611280239077,1.9106976649921315,-0.007875106607095018,1.1053362404880491,0.00654332710404554,1.0911565883446013,-0.0039236034315150315,0.422236595468897,-0.005122482886385409,0.324697737092363,0.016956002685174065,0.5057772035317699,-0.008966627459706226,0.4966111674921702,0.012805498781864263,0.36506772650263414,-0.0055372368355307315,0.29340197345543306,-0.015518836880354662,0.4333411843704285,-0.0056862882331445725,0.3896955698572835,-0.018203354786464652,0.42239014497033167,0.0018968362376355556,0.3824131526748996,-0.0169458034951677,0.36385019000720276,-0.0038676037535018836,0.2707384883561192,0.014333024248612923,0.3172975054586604,0.0024193665061515647,0.26165839754212417,0.02633560376622937,0.40071003767366925,0.004973129666244664,0.3698244420905624,0.037650322714810974,0.16668221272099115,14.87149187099768,2.552189778005388e-22,0.45900294405663866,0.29849527854439484,26.031720955535253,15.687968444442564,0.013944598783300809,0.05827805832967693,72.94841516931176,34.972436612158845,400.0,56.72977821183894,343.27022178816105,0.58087492565174,1.0,5.840846141629541,preprocessed_data\HC\processed_0004.wav,processed_0004.wav,conservative_filter,HC,0
0.020799043671864914,0.028235735396835455,0.47652951148860934,9.260241607919086e-08,0.028235735396966118,0.22664200220352565,0.015684711331529565,0.31885587657965264,0.14324660082765833,1.249527944839274,0.07945565238088702,399200,24.95,1958.5383072645222,721.0001309442233,2682.4849699398796,0.01537414363014953,-422.58344120730277,12.0505826668577,-380.33784371798055,-455.4281012624622,-21.92524686363635,6.085680536465821,57.104110242328446,-35.03433196747211,-297.41041496593346,9.12298271480466,-190.24622443005825,-322.2740085795945,7.651450231655002,5.5417190837982035,36.59815948326364,-7.215699232525802,-13.325026489332423,5.890551485485024,17.25392686272054,-33.63685004349217,35.72684026084194,4.864098565131546,47.79147361016562,15.888979999036998,60.61863659291557,5.337241600687346,74.78291609731232,28.67729082940296,-11.879520638287715,5.032787692777594,2.011945722667793,-33.30642193472306,7.413924745988159,4.72550997227374,18.315910594101158,-16.465121509529453,-11.942465680434735,4.483970880042998,7.777695413414221,-23.964254549645077,-1.9721844135292055,3.6112522256681694,10.111377258951201,-13.362015321479463,-8.987308386411515,3.730129834131203,8.953169236134977,-17.726715646355455,-15.794995999123365,3.62672136317475,-3.7104955538259925,-26.21325779842978,-0.0519542151001389,1.6807481679786462,0.02937867672642491,1.0977698144946058,0.004881335295254138,0.9870076584447849,0.060271638832137396,0.6816990959233353,-0.008792460636641453,1.5644089041539302,0.08595890035226321,0.9672308353303396,-0.011362739776710954,0.8398091295725484,0.03011374950752168,0.6173209076816161,0.03492770134058687,0.9756680508265995,0.02393914435553112,0.5966730280303219,-0.022054875066737246,0.6918160617934241,-0.011792873328596989,0.4758587002743685,-0.0024030592531394572,0.6479488615329134,-0.028901342064065545,0.5764558882026213,0.007189445259223134,0.7523516917966112,-0.017388555536631056,0.4553024324149698,-0.00230566406358424,0.7401547223173284,-0.0173793701321572,0.4964291678086045,0.012020012085019488,0.6323287346561738,0.0035294129912757455,0.43368543642739193,-0.0073432984215843775,0.5158540562666585,0.011854484971329878,0.40024553494832743,-0.010016882964318376,0.6673392058202776,0.015962371536607036,0.43628658592771435,-0.011329115412865198,0.5824860542120022,0.006075353933304946,0.42747100986424225,0.12989667383524744,0.3980544851578429,11.873329068578359,1.9428472685880068e-20,0.3583646902820216,0.30454837151746544,26.97661659619994,17.257968415359052,0.022373532832065623,0.05934938150956094,67.14078467266134,9.655645257181654,320.77207300131533,66.44437939530347,254.32769360601185,0.20380040763298385,1.0,5.906868275609813,preprocessed_data\HC\processed_0005.wav,processed_0005.wav,conservative_filter,HC,0
0.06464707520878842,0.0741637597022826,0.4368559791555167,1.928587381404799e-07,0.07416375970325446,0.1612755926724138,0.004481707178956437,2.200393558046241,0.7872514033209029,5.970395822374902,0.07558561830578639,370800,23.175,1781.8169842669724,714.0408163000944,2665.415318230852,0.03846264723759602,-372.622470818845,14.666563129012237,-265.1815045522976,-426.28719045224193,-8.813260555899983,6.186500191372548,66.82018107262363,-19.407913302339026,-238.110878884204,12.707262982134788,-124.92997545159474,-263.7167110935635,-1.4115761728693483,6.310743576514994,19.418023455004565,-18.96051107231071,13.44626052008217,5.680889595224077,34.0336297945989,-3.545476934427624,33.843398355772955,3.3971581017154295,44.37687606976856,22.108950290163236,50.23500847146527,4.044834802811508,62.64469790939435,9.761210768125617,-30.42405817411023,4.177102529232324,-19.548716704430113,-43.611121765919734,-2.092034749615414,2.873129615375317,6.776844886906022,-14.088091049016281,1.317714463242941,4.864045220661807,14.66896068570588,-9.969360626295565,-5.79716973316153,2.490720948584853,9.663430487296255,-14.815324017114722,5.335287229586356,2.64651881014086,12.777923870909586,-3.027006262981756,-18.460220471313548,4.3898276920087405,-7.622102078589917,-28.65545396891858,0.09999222326278502,1.7000100472878252,0.03275916780985115,1.9658534716319807,0.05253276841969041,0.8510990136872455,0.04531028738544696,0.9111723654311581,0.05792864376340479,1.7280590219651752,0.08433806250267346,1.7947816356115698,0.03321486335347581,0.6683133425008181,0.004174705300304413,0.9460340540874346,0.01344571188722838,0.8593469322957737,-0.007662093336662463,0.5189317442066158,-0.019764479344298144,0.5516889055935154,-0.0002991412715128544,0.36564398812285004,-0.04006383749602761,0.5984675031902441,-0.015815847218544284,0.4154381962776146,0.006246032431183417,0.6161394786398223,-0.0038552482398766367,0.41856950507813534,0.0028507840830575342,0.3348182874262654,-0.00989039438376773,0.30670795398172257,0.0025008589386751687,0.45047920850127326,0.007498871809828664,0.7509430568970686,0.00409851924761662,0.42048577104489365,0.009598379295606366,0.29850534889173674,0.0015523256119321462,0.27268876109497264,-0.003607995569097344,0.24172859432152208,0.00955807536536312,0.38768267790521765,0.003725864435303644,0.6564843940368154,1.0837124464169976,8.572818750854422,225.46722051197733,6.284135807893959e-21,0.12600767090623627,0.27701172937464147,25.607654651104376,17.76418530400985,0.09363656850726643,0.16841352677253113,291.53207272998725,38.36506307095457,329.994642897416,50.83818167073152,279.1564612266845,0.11343270389417472,1.0,15.71531887532826,preprocessed_data\HC\processed_0006.wav,processed_0006.wav,conservative_filter,HC,0
0.01621094893144667,0.023434305716803376,0.44423703865586545,2.1582619614749074e-08,0.02343430571992405,0.17874940024198932,0.012259324433931452,0.21977795487624413,0.21492157543996268,1.6128492107012036,0.012127015788950531,383200,23.95,1820.3607663215464,718.5809393137448,2660.2505219206682,0.05698412077237601,-428.5585425068347,22.380932433932514,-285.4597873625131,-481.24219509563983,-11.928699461279507,7.172961665355576,69.05165076860604,-28.598459108804043,-258.2589390578982,17.58103080188922,-99.11452099761202,-301.41295384585885,-3.175334826459626,9.016843420789252,27.78745123626461,-27.34620969968143,4.432994027292496,5.628960585139693,26.978937536002633,-13.993103734165906,36.27345215852696,5.039798135706204,51.55038989935559,10.625513340838264,50.1867291009527,6.323347719780431,65.51054522137362,10.796509445996186,-14.989398143349458,4.289954223897106,-4.375946087839759,-25.778271062638154,6.528666887147852,4.367212164783916,23.24816583338239,-5.802523737725531,-12.362747241262696,5.56317030254172,9.64997499734746,-25.895953176762404,-13.722953682707951,3.7739816448532233,-4.117125079891243,-25.615685331912665,-0.6284507517856702,4.772038793857826,14.599655440630276,-13.21894802598104,-1.909838801926776,4.8942150287556245,11.178769223614246,-15.64969778361665,0.12364519300681527,2.8474474854300644,0.010870853644763812,1.6908272981216124,0.036050414200269006,1.190248868622167,0.05256090190710363,0.9094088657928299,0.09493476977626603,1.9808606128369475,0.11272193229629908,1.568663290317873,0.04644169017127902,1.4733088816193132,0.0044922549161962675,1.0722967510516637,-0.015060151843853108,0.7082005492107504,0.030455709763762908,0.4665158971933395,-0.016078135038682894,0.7786785539215769,-0.02148171026014817,0.47543540291133307,-0.02336203018086638,0.7065589145662382,-0.03533103928661106,0.47308721577940555,0.004948104617317717,0.5588618633285445,-0.003982091093467711,0.3206913257512193,-0.004868863329025211,0.5670408361079428,-0.010619533964075008,0.3557594553778213,-0.015354266441924324,0.7521237584112827,0.01767033503485432,0.39161234142808105,0.00813100554135791,0.5548784649397059,-0.0021894088741796613,0.3753563341874403,0.01534429069162288,0.5393712461540732,6.907352766032802e-05,0.33307902409862433,0.013704879709147456,0.5358920861583768,0.009729388237041664,0.3070852413741155,0.09882568564567784,0.5967955875352743,36.62313184887924,7.952275661970904e-22,0.35784600554404433,0.29016551824096676,25.801847707330083,17.196155062900175,-0.04053640067442079,0.11780458106057999,205.99541586824103,71.04116571558932,353.015066020397,51.809088094460236,301.20597792593674,0.37444010921085474,1.0,6.768803419664292,preprocessed_data\HC\processed_0007.wav,processed_0007.wav,conservative_filter,HC,0
0.022231299322818247,0.032082765212736765,0.3499464087896061,2.227732430552234e-08,0.032082765212764215,0.1698179853723404,0.006751944390981179,0.4122726361263848,0.5602646250767178,3.5597162262984723,0.01997152364387289,336800,21.05,1757.048498420376,690.2438842391994,2707.6959619952495,0.019826333976166434,-421.017046045409,22.75388464481574,-354.8590195569684,-470.41855949899696,0.8656746645875942,8.341193490189113,39.7469768101812,-21.229126203939472,-230.49325313340867,18.086865330026956,-173.68223850530268,-281.3121112142092,-14.49742939046603,10.929137038664413,11.128294539905397,-34.61230586937574,15.425803626308044,5.189659432625451,32.097855184932996,2.333113666167877,31.705164769732985,4.931370892492244,51.28235904906535,22.03348505950299,57.96161263636049,5.442830270431879,71.13958898210807,32.517645459182276,-23.61240653503909,5.0793434670454145,-14.29904026542362,-42.59346726905948,-9.160530914444315,5.0340175685136375,2.6879328183164044,-26.074458808966156,3.3813064770120063,5.99577192429073,19.482273801533733,-10.270428268209251,-17.052065736734903,4.202751942257982,-3.1262161547393337,-26.751664309622917,2.9711287810256835,2.5027830667049513,10.371403398928807,-5.376753138202236,-2.9521736049409624,3.416553826870682,7.053877408383915,-13.305962532716599,-0.0890425232810361,3.4222280986053053,-0.02076107784231575,2.8549020554875693,0.026555701400022377,1.8280363193825588,0.02325506373292477,1.5273219406844771,0.09652938547393922,2.727936143145461,0.038864979188458285,2.2484120092307025,0.005455355867951522,2.4296228158355557,-0.001639829083045562,2.0483939754836875,0.015067744454095788,0.7769013455335662,0.0074937458190755665,0.5327371414506531,-0.02000917087676027,0.5562170127973397,-0.003177260656539495,0.40823687244913,-0.025228741900927457,1.0480619192349478,-0.012211290546569694,0.8079085358880644,0.007232492385918108,0.6461018835347168,0.0030959882200303577,0.410178878860701,-0.021447205492060285,0.8685881906780359,-0.003964039476194112,0.6791309092374842,0.005335673453818295,1.183641251844148,-0.0033553221772577337,0.9945614553864642,0.022920761179294754,0.8874388208534274,0.000958407209947846,0.7339555782738134,0.002892595242920841,0.43944916155803426,-2.7040750172255748e-05,0.31791058980794745,0.004709323649842544,0.6262552840738719,0.006844153488315635,0.48735378684350683,0.19577198838881493,2.0469295419398166,112.01231486019078,2.159082813214776e-21,0.24558203263994693,0.29699263251972985,27.72436076099598,17.283915028973883,0.022682290168189716,0.12490789306681328,143.34047208053613,66.97652051388488,400.0,50.869698605734015,349.130301394266,0.44473136137427915,1.0,10.48430414554273,preprocessed_data\HC\processed_0008.wav,processed_0008.wav,conservative_filter,HC,0
0.019852638509180728,0.028422517838586625,0.43605787081528835,1.1029255590316563e-07,0.028422517838588256,0.1607001582278481,0.011485796854585657,0.32321688846093416,0.20763681299383055,1.3384499267405747,0.010004747119531518,363600,22.725,1865.1599663999925,746.9564829146559,2648.8448844884488,0.013076973007412108,-424.7646248201576,27.273310425400467,-370.7839999393414,-516.3832723728784,-15.33626351118834,7.983886399965739,25.205158822767288,-33.357911275618996,-272.50362570148377,18.094882176863123,-198.9836677026566,-314.0199690364004,-0.5857058906070718,8.851979259758146,17.621165955671067,-31.39191406250481,-14.852779253454566,9.591692846455453,14.422382598105102,-32.511991218165974,36.32202648501627,4.740571039280754,47.70328135125132,25.037657782923926,49.55410801229257,3.7017342885450883,59.39238583196173,25.908879103737977,-9.4459935859683,4.281217042192597,2.5079926873489633,-21.54578718080215,6.835906881477461,5.526268396503444,17.36178073910564,-10.321769523843196,-20.186070647314157,6.557571521730627,-3.111050056778141,-36.44417097294412,13.8239301036081,4.816539705810728,24.83755431449883,-2.609037893109182,4.410554084018977,4.21496297338962,15.68806801661766,-12.140405904503641,-20.664347109054777,4.492126376776584,-7.517861616263842,-30.777111903782966,-0.021119983085484476,3.0950289172153953,-0.06165759095821225,1.5295019136353767,0.027339565291017217,1.0748301905188433,0.03077151964098046,0.6575370143563821,0.03870112553514763,2.3165961439463167,0.07073718163528195,1.3145429297883633,0.010857044166077377,1.3396027911191537,-0.011716247850290639,0.7572504223833298,-0.0013968198468417902,0.9517729042414934,0.006435586140487015,0.5509118901831871,-0.015611715037662552,0.4589270992648873,-0.0009538015927359063,0.2774887583392648,0.011016958370429781,0.6150457406110401,-0.012240339545594637,0.40808159379056813,-0.006135290295828832,0.71193746272766,0.0024556324779637317,0.44526448724869755,-0.012354655736948232,0.6567305581560846,-0.013244894550181876,0.3536949485715182,-0.017204022620198177,0.7906876956359202,-0.013767684136448183,0.5334874902691177,-0.0035483332476239364,0.8277384613141252,0.01429476899638297,0.503358872935751,0.026855430018069417,0.5034234636233202,0.008950416728746361,0.33818069715555044,0.004474277448046248,0.8092727924444555,-0.010119297719323765,0.5110070438596106,0.15258093486869576,0.8291582245853865,19.373388642851864,1.2633554275397993e-21,0.24592592407213357,0.3003450806348774,27.415734845610146,17.77896957652543,-0.016034784845200545,0.08097309678408877,107.27497902692258,93.82548822648016,400.0,59.772984175826736,340.22701582417324,0.7048036994289298,1.0,8.528401575666258,preprocessed_data\HC\processed_0009.wav,processed_0009.wav,conservative_filter,HC,0
0.023819331899039314,0.03353857324341523,0.4026919278433753,4.787110242884286e-07,0.03353857324347078,0.1963253274204244,0.014470870274783599,0.44970200206978067,0.20884966066023852,3.561467505274596,0.04521332172174418,385600,24.1,1947.6644336327543,738.4428550812912,2736.0995850622407,0.028738590052365405,-390.4286085140577,8.54348212309084,-338.6370269974448,-437.0065231116459,-26.181520088554166,5.397577781200669,18.0103644385961,-39.48167245228895,-274.4375005641372,9.1857721504621,-186.74511005276042,-304.1728994611567,9.927779592926584,6.849804293724748,31.307149323822152,-4.766309655910199,-9.690125742863028,6.042215044448231,14.350742749191397,-24.63847418235649,42.15751056818397,3.824709432289672,52.47897444368073,27.306248343837176,50.28039948092657,6.537519082672196,67.25633928657336,15.68916586601204,-16.226423596199684,2.9817054616549257,-4.709978903761277,-31.805379852341552,3.610891743967027,4.965096199932356,15.13955099040992,-23.503758621976736,-11.955837374110095,3.0787232116595655,1.7681739705758464,-22.566484687825465,5.836909267107959,3.7352888523146253,21.324404781847438,-5.050456689666552,-9.289764922773006,3.5844765278515274,3.6344572850188506,-19.69228274131589,-12.442310067153455,4.063815337737691,0.6414306539079154,-25.658168445282826,0.021638398727254326,1.0798724011963932,0.0013683230646439539,0.9227127307362272,0.02465617317168565,0.6572028551274728,0.03996389911939763,0.4380908541311562,0.032818530066789746,1.144499575828239,0.08140383197507076,0.9928161049057469,-0.025521551494872896,0.6469423294891399,0.02084805111871081,0.482859305390797,0.0019669482281161085,0.6671444114340167,0.024961525236926862,0.5145101571506853,-0.0022572569023993384,0.4955068038877973,-0.015928694895935947,0.3856140463157029,0.021095686683928996,0.5699779422180312,-0.018406883872699117,0.3808741990612705,0.001983939289153451,0.45560425756659767,-0.014123174000293611,0.35317840146383234,-0.023508919981018943,0.5261098857498381,-0.017675734369592726,0.3700643310037361,0.009578543027661205,0.4323176552073916,0.007194680998975552,0.3414228594566385,-0.015629208431782914,0.47360796460739957,0.000953968727657737,0.33826951642912045,0.002782900571157652,0.4902814983519313,0.014616855820410755,0.36170715623289557,0.021334745345377746,0.4814906556699275,0.007814047603878634,0.35305017327185856,0.19718122448591072,0.7510588192461982,39.455143948846256,1.2323962369392605e-20,0.3177872227780762,0.2994255867349974,26.60962169008605,17.009892648143378,0.027056017115473573,0.06241052232877404,74.8014391422683,19.062365802252064,131.74806418836943,63.29727881257431,68.4507853757951,0.3514738331085194,1.0,7.7873518627046465,preprocessed_data\HC\processed_0010.wav,processed_0010.wav,conservative_filter,HC,0
0.009824234677334157,0.014927824654027947,0.33072860855312425,2.077751222993602e-08,0.01492782465797274,0.20769505718954248,0.021353902090255922,0.08921865664036394,0.11061919600316085,0.8207545598614923,0.006081119132185907,78000,4.875,1910.5259841519146,697.5685288323482,2689.6410256410254,0.04452755359019641,-493.224487000287,30.141184992578363,-415.7212834727454,-545.6035303537517,-20.881341118510313,13.390865019736777,47.530956949322956,-54.77323909265426,-272.5229411718137,25.535436093605,-123.90215206760983,-322.18903435421817,12.128077080786593,11.362914203085028,41.27714327709808,-27.913832646981852,10.063330274893312,10.773196212040125,31.067727793653642,-11.160938924156302,33.73027869510753,5.668778636623497,52.82645706524799,13.49290466281165,50.09910452570494,7.958205005885608,66.06366455495859,12.225562958661094,-22.00742268215938,6.420713137139769,-10.440955484618428,-40.23396949361588,2.453765752940928,5.947949325894714,14.979262170121094,-11.569642922222805,-4.065989235957347,5.22012965181833,18.97730223190083,-19.097967462870365,-10.427059267999217,4.230789003589559,4.385066715842581,-20.06423080451993,-6.473122557757466,5.08034861439056,8.934961817775438,-16.603025606434,-3.8367300674163554,4.942042718034907,9.444711958632986,-16.454725599667874,-0.4620218410882988,5.392508679379216,0.3952823751850424,2.904711443359323,0.050191472354883776,2.515568081470648,0.365066716990351,1.6554322116281046,-0.19303459176129897,3.6998801303894875,0.4432861790714743,2.2060032057614625,-0.023163883390219565,1.9145040953367898,-0.01833373781671742,1.2790469222377603,0.09402292609527596,2.211408722009826,0.01975164524997176,1.0500511453684105,-0.14112310916443271,1.014041562269859,-0.02545788348414086,0.593341359134956,0.06295596644206448,1.3268200105652637,-0.12985815863723593,0.8086640997476471,0.08687220227638552,1.1759348707095436,-0.010284616125366285,0.6074783090682223,0.038124029585022104,1.1480605401299808,-0.04128197660544366,0.6301399867770361,-0.007122393106662999,0.8954466790054757,0.05081803842132891,0.646557665491928,-0.10869145442388206,0.8414774454682509,0.029170746573777044,0.570073774780429,-0.03069302444837889,0.8394129532134194,-0.0031401798760312496,0.5269764638892577,-0.00421288326706168,0.7666839902981604,0.052890372926685476,0.5490637400492251,0.03715225725021922,0.1816647589170898,6.911797979216368,7.940016299602106e-21,0.35181095802570517,0.30390111493837285,25.090244864231547,16.548065925884817,0.019002072229496077,0.07005637318709691,68.94838653946151,18.24522257212913,223.5461951298189,55.48951090362333,168.05668422619556,0.20575353436970775,1.0,0.5788951601452695,preprocessed_data\HC\processed_0011.wav,processed_0011.wav,conservative_filter,HC,0
0.02219984268431043,0.030852415282409444,0.428244275950301,6.364071392247171e-08,0.03085241528279059,0.18616684224799732,0.011550786435928021,0.3808953275611366,0.5013740341668238,10.338959441576863,0.0457354913676916,383200,23.95,1796.2016897469202,644.95891728383,2655.866388308977,0.02646580580878084,-451.8895921071999,17.653629396150585,-336.36783386736056,-480.9460900180218,-14.158052485884303,7.062422858796237,89.76140276200844,-29.13231322193112,-239.0292346943213,14.409225109733363,-191.31656115146234,-318.08949999423635,6.577778340302347,8.73562840014831,31.388798205428373,-16.586434215704347,29.722703105051394,8.582845553585972,57.79802513264627,8.268019443897689,34.384729129569756,5.337408781550993,51.989470131939925,9.04616712503557,36.67897303219949,5.719371797426193,56.108094272959136,14.956334376174283,-37.82172495983561,5.513811248333202,-14.92612387556522,-52.18681175945973,8.533501421571836,4.094241210076863,20.12030549705465,-5.373760740024521,8.150959706201832,6.306005177231746,19.342061450546005,-12.215711907882875,-22.792748880925775,4.164901217407756,-5.322710282198107,-34.31770733734169,2.87982357998817,5.05842978963997,16.02398466598826,-13.243406702895165,-3.4481851828346572,5.3669012933431475,10.43953624215191,-19.210316064843582,-0.07921414814406777,2.427491784502696,0.09034108943288698,1.4422415996217612,0.033522838759119426,1.2566841679337089,0.06523298129824177,0.843292770378818,0.09353383656352397,1.9019121825208845,0.03053969598165272,1.0018574612139213,0.04079088245168017,1.4834756886527474,0.017717728591292944,0.8972575349796459,-0.013738731945591462,0.9082928619547429,0.013642115885225953,0.5203878457224672,-0.026245970082769618,0.8864417344420957,-0.013791630306609372,0.5304649054641202,-0.004261126051310298,1.0068616298299207,-0.016754859189734236,0.5353147077422722,-0.03707287512851115,0.7400728066427882,-0.003969614690973371,0.42806290456446705,0.0018487224961319362,0.5798361329660415,-0.009753569247718034,0.40840171719738566,0.025664706550684722,0.7577243682250289,0.00931077614139266,0.4283636826715186,0.0008881173698909279,0.6198438439207152,0.0042415874962101665,0.41508128585077764,0.022039347933603716,0.6066535914902705,0.0022990647494866836,0.3736997990588766,-0.01122059270969881,0.5499689539717552,0.007333714920667871,0.34994839382212684,0.1668276207213711,1.2098452686261707,53.15429828086706,1.149690440337788e-21,0.23791680080435895,0.2888421315488231,28.41739749385373,18.428207728244033,-0.03465188393285441,0.14995772685226297,146.69234889615828,68.5563887240028,375.3967219888974,50.131416135315746,325.26530585358165,0.40208936837682757,1.0,10.926299900397158,preprocessed_data\HC\processed_0012.wav,processed_0012.wav,conservative_filter,HC,0
0.02219984268431043,0.030852415282409444,0.428244275950301,6.364071392247171e-08,0.03085241528279059,0.18616684224799732,0.011550786435928021,0.3808953275611366,0.5013740341668238,10.338959441576863,0.0457354913676916,383200,23.95,1796.2016897469202,644.95891728383,2655.866388308977,0.02646580580878084,-451.8895921071999,17.653629396150585,-336.36783386736056,-480.9460900180218,-14.158052485884303,7.062422858796237,89.76140276200844,-29.13231322193112,-239.0292346943213,14.409225109733363,-191.31656115146234,-318.08949999423635,6.577778340302347,8.73562840014831,31.388798205428373,-16.586434215704347,29.722703105051394,8.582845553585972,57.79802513264627,8.268019443897689,34.384729129569756,5.337408781550993,51.989470131939925,9.04616712503557,36.67897303219949,5.719371797426193,56.108094272959136,14.956334376174283,-37.82172495983561,5.513811248333202,-14.92612387556522,-52.18681175945973,8.533501421571836,4.094241210076863,20.12030549705465,-5.373760740024521,8.150959706201832,6.306005177231746,19.342061450546005,-12.215711907882875,-22.792748880925775,4.164901217407756,-5.322710282198107,-34.31770733734169,2.87982357998817,5.05842978963997,16.02398466598826,-13.243406702895165,-3.4481851828346572,5.3669012933431475,10.43953624215191,-19.210316064843582,-0.07921414814406777,2.427491784502696,0.09034108943288698,1.4422415996217612,0.033522838759119426,1.2566841679337089,0.06523298129824177,0.843292770378818,0.09353383656352397,1.9019121825208845,0.03053969598165272,1.0018574612139213,0.04079088245168017,1.4834756886527474,0.017717728591292944,0.8972575349796459,-0.013738731945591462,0.9082928619547429,0.013642115885225953,0.5203878457224672,-0.026245970082769618,0.8864417344420957,-0.013791630306609372,0.5304649054641202,-0.004261126051310298,1.0068616298299207,-0.016754859189734236,0.5353147077422722,-0.03707287512851115,0.7400728066427882,-0.003969614690973371,0.42806290456446705,0.0018487224961319362,0.5798361329660415,-0.009753569247718034,0.40840171719738566,0.025664706550684722,0.7577243682250289,0.00931077614139266,0.4283636826715186,0.0008881173698909279,0.6198438439207152,0.0042415874962101665,0.41508128585077764,0.022039347933603716,0.6066535914902705,0.0022990647494866836,0.3736997990588766,-0.01122059270969881,0.5499689539717552,0.007333714920667871,0.34994839382212684,0.1668276207213711,1.2098452686261707,53.15429828086706,1.149690440337788e-21,0.23791680080435895,0.2888421315488231,28.41739749385373,18.428207728244033,-0.03465188393285441,0.14995772685226297,146.69234889615828,68.5563887240028,375.3967219888974,50.131416135315746,325.26530585358165,0.40208936837682757,1.0,10.926299900397158,preprocessed_data\HC\processed_0013.wav,processed_0013.wav,conservative_filter,HC,0
0.010262598026286407,0.016002079461328908,0.34501919708625084,1.8031808584814262e-08,0.016002079461329404,0.19782422400740243,0.02067561005841445,0.10292585928157709,0.11216599068710598,0.9251311175721832,0.007471267439529799,380400,23.775,1913.724492795099,693.6471709213439,2651.5247108307044,0.025066028394506838,-478.03473773546034,22.715464993958193,-412.338263119971,-534.6219948462619,-24.685467117460778,7.671274729515764,68.8897159629986,-39.06133957684176,-273.94028839593807,14.732785697637421,-174.42654006511935,-314.2058247006212,13.260923873477303,8.449505193460702,31.271093221536024,-8.598427680981482,6.412773176369138,7.211517842603683,24.185236261319343,-14.463746028664689,34.98678740473095,4.751939575594212,48.60256130589318,11.12770969035423,51.47712368127129,4.13414832668941,64.28995358836696,37.59863978457875,-17.672009382030197,3.319584320456916,-7.190435411745367,-31.35682292224412,-2.735427587008077,4.949306711167386,9.313976686380315,-20.64229864621666,-9.19375141889649,4.019853145431507,16.829538628669432,-19.203915357292782,-1.5847132932191905,3.9739260057346084,16.20029896561705,-11.37055521563251,-5.178839424971377,4.706111766549904,6.045232730285223,-21.009703409075964,-8.289707084175653,3.513942237665873,0.9382296171270832,-22.62969869279963,0.03500039510964186,3.5571026125184204,-0.018052890282530345,1.9300580827838671,-0.06238900448112989,1.5011196272812228,0.06243969961866603,0.9505724513981096,-0.05245902755371612,2.3534214065744954,0.08841952702844631,1.4711748687075739,0.0009648152132093597,1.5064708459854363,0.006418493818487526,0.9162416183228405,-0.012824637834916712,0.9635881712737938,0.01624173248354781,0.5562852290844207,0.01847976132696763,0.7236920041069835,-0.011042403157944452,0.4387217071135968,0.0035214883229289606,0.6269761372811709,-0.01166855985645709,0.410817753415238,0.016651388016367716,0.513039928077505,-0.016572238343778394,0.3561259383288258,0.007751289208656017,0.8662843852046027,-0.01643625938445293,0.5510769448709112,-0.02057361928423869,0.7049599945872477,0.017870351854530953,0.4222431076801998,0.0001475697991013607,0.5791846937158445,-0.0006506041184709864,0.3841331553029478,0.0011576500428436875,0.6753679139331417,0.003056615232284926,0.42100254577845936,0.0007295579146225664,0.6166327859126911,0.006789199704238411,0.42329317340102085,0.04400870708355923,0.22947649030273806,8.996040637054469,2.5798318407207885e-21,0.3611825658540081,0.29582398468954685,25.244768182512637,15.70675401985154,0.01703355777775729,0.07556649910100406,90.34526884209977,37.51391494723473,173.26096500133278,63.182552831642994,110.07841216968978,0.3976932990829162,1.0,5.036801168279162,preprocessed_data\HC\processed_0014.wav,processed_0014.wav,conservative_filter,HC,0
0.022624904512359757,0.032228344609552664,0.4323940403562642,6.407867933619013e-08,0.032228344609555405,0.17104323366855054,0.007163833428688924,0.41559531848773995,0.16532329418518688,1.4695024049338818,0.09147252510186282,384800,24.05,1733.987777453612,631.8753870092121,2470.35343035343,0.0162665903186476,-430.2282565160893,14.743720870391087,-378.9556760877097,-514.7668299598785,-2.6018414783320076,7.082334872520469,15.754129150392417,-20.1049624295947,-276.4254576841561,10.268190502772804,-222.77447765215385,-306.42211063946394,-14.933844632598813,9.144252474203926,5.419980733203431,-43.760665807895926,4.869460971030199,4.741267485912845,35.345759692014326,-8.876531489401057,36.41066038179962,2.862028633584486,51.66069222471568,29.093998015784813,51.92356155557488,3.1277857052170672,60.585552206075675,30.782784970839657,-18.658536536467103,2.4963931217228836,-12.718726768449708,-29.48328798673715,8.974403566019173,2.9625297701511744,16.929003528379496,0.17732562321181083,0.8234677240468918,3.7552387797951194,15.388025887778966,-8.430631724651803,-7.922410341742043,2.7252746794047487,0.308311058838339,-16.275433206710673,-8.198240304586182,2.1777877703489,1.09942539913824,-13.551802106478718,-16.37782968315218,3.3579422934187626,-2.623865891296398,-26.310490811346575,0.07251534621197032,2.116423042821411,-0.009838922578262348,1.8617434445656664,0.00585240392568844,1.0952092947479952,0.004813265585189942,1.137967708354468,-0.023342804383807328,1.4048981108923622,0.029415118198295724,1.2646453573831364,0.010939240272269219,1.389589888687364,0.007908071485775787,1.5036934287608754,-0.023991349736731,0.6679607794090953,0.005406983982750367,0.46644538725763074,-0.007651461318439477,0.40970731937231275,-0.00019412224210823818,0.4162903837872471,0.018733723465753742,0.3926606112837217,-0.0075060034103258165,0.2955714047411498,0.004382966795067445,0.35613569682728186,-0.0006181676006876898,0.38481292336225204,-0.0025010046817918203,0.3356477143402483,-0.006594660375834879,0.26458351357248666,0.004451152299619296,0.5256571413470266,0.0035714796846931744,0.5976292601299583,0.006299530064463988,0.35073382378204543,-0.0008342346891811377,0.2774276536010027,0.00018069145927719721,0.2767607908193244,-0.003923159998527047,0.228312049208601,-0.013922621856925298,0.3580370270628259,0.005883412543299321,0.4429325963247658,0.19249926046351157,0.8863494515161489,23.390763522865047,2.9063569572246282e-21,0.23429749467161326,0.2864982362102788,26.297839534381758,17.92212343942078,0.022377127222140986,0.07765069644659388,84.78451675810828,25.241492906428643,327.8578169613201,60.53952335491581,267.3182936064043,0.3990744761387392,1.0,10.137931707720336,preprocessed_data\HC\processed_0015.wav,processed_0015.wav,conservative_filter,HC,0
0.03983902902544564,0.04993906681167116,0.380823418056547,5.8868647747473395e-08,0.04993906681563232,0.17811901820690884,0.015504129062847337,0.9982068731321502,0.4726333421942346,3.374539341913327,0.01155558034776823,359200,22.45,1901.7617765496518,789.7413120181184,2947.661469933185,0.04705493674997918,-374.719940563698,12.859673048887155,-252.72136470495346,-481.0929000198594,-19.75683806863383,6.654650620154694,78.83854272302888,-33.42035817674898,-261.385668886101,10.993994369390075,-111.51318320514709,-286.7180721567196,4.6782768382502615,5.562140158886085,25.3540451788647,-9.734673395093882,-1.7859832418928971,7.773907535264241,15.864376314128737,-32.05742094962986,46.5390858496653,6.287179252754851,62.53568359149759,24.721964860108926,53.67084772841337,5.238548060496251,70.24454653279538,12.974624917821536,-31.99439460946088,5.572193332053186,-15.090558415957569,-47.03306890757305,7.949957936976332,5.8569105214676584,23.608268954645037,-6.192368798964829,-6.087434437227604,5.741579731197051,12.535944128394434,-21.326721588818046,-9.291231495215277,4.043306836417962,4.760110032844768,-20.353131638370932,0.7304492056413009,5.097984113834649,13.681694776939896,-15.493250566717485,-11.033084455875755,5.3217755050840525,4.118925812291091,-22.45465506738836,0.14225228161162176,1.984971416000442,0.009626501335400347,1.5282565679856581,0.0723522322026912,0.9433464719720075,0.07374844930111452,0.769876877554716,0.03206402575765954,1.7935429184998695,0.10941131155686674,1.42896927548058,0.006843216350888516,0.7263011322440167,-0.013059099488842981,0.6142913376484542,0.02688676413034725,0.848089297638503,0.015234469453235104,0.6549097717195527,0.014494918100619359,1.0669490632285696,-0.01876636847374484,0.679843583529609,-0.03337300963372145,0.7221410131263282,-0.024327807350430636,0.5159101001489869,-0.02909921048810582,0.9041944373120193,-0.0018171742388504973,0.6158827747088687,-0.0014689920658539218,1.1052456475223655,-0.006753525370547289,0.6447953325610954,0.0055565497257351465,0.7508910233085364,0.016392352031525087,0.517229768060238,0.011883805266989728,0.6183923132996002,-0.004533376667026113,0.45540090681841117,0.007897914775049746,0.9262704049563782,0.007155181821464926,0.5631240163813345,-0.002354043610887146,0.8225423428182074,0.002520295306141918,0.5108035022282081,0.46315893316318557,2.6044712084689996,94.62956172351696,5.027744606746694e-21,0.25983741104762764,0.3125492721256028,27.872493217449087,17.56435227522056,0.0011802131708453282,0.14853785197936548,167.7887740632026,54.912403099398915,400.0,50.90591164519275,349.09408835480724,0.3311534821871746,1.0,10.192253561758966,preprocessed_data\HC\processed_0016.wav,processed_0016.wav,conservative_filter,HC,0
0.03983902902544564,0.04993906681167116,0.380823418056547,5.8868647747473395e-08,0.04993906681563232,0.17811901820690884,0.015504129062847337,0.9982068731321502,0.4726333421942346,3.374539341913327,0.01155558034776823,359200,22.45,1901.7617765496518,789.7413120181184,2947.661469933185,0.04705493674997918,-374.719940563698,12.859673048887155,-252.72136470495346,-481.0929000198594,-19.75683806863383,6.654650620154694,78.83854272302888,-33.42035817674898,-261.385668886101,10.993994369390075,-111.51318320514709,-286.7180721567196,4.6782768382502615,5.562140158886085,25.3540451788647,-9.734673395093882,-1.7859832418928971,7.773907535264241,15.864376314128737,-32.05742094962986,46.5390858496653,6.287179252754851,62.53568359149759,24.721964860108926,53.67084772841337,5.238548060496251,70.24454653279538,12.974624917821536,-31.99439460946088,5.572193332053186,-15.090558415957569,-47.03306890757305,7.949957936976332,5.8569105214676584,23.608268954645037,-6.192368798964829,-6.087434437227604,5.741579731197051,12.535944128394434,-21.326721588818046,-9.291231495215277,4.043306836417962,4.760110032844768,-20.353131638370932,0.7304492056413009,5.097984113834649,13.681694776939896,-15.493250566717485,-11.033084455875755,5.3217755050840525,4.118925812291091,-22.45465506738836,0.14225228161162176,1.984971416000442,0.009626501335400347,1.5282565679856581,0.0723522322026912,0.9433464719720075,0.07374844930111452,0.769876877554716,0.03206402575765954,1.7935429184998695,0.10941131155686674,1.42896927548058,0.006843216350888516,0.7263011322440167,-0.013059099488842981,0.6142913376484542,0.02688676413034725,0.848089297638503,0.015234469453235104,0.6549097717195527,0.014494918100619359,1.0669490632285696,-0.01876636847374484,0.679843583529609,-0.03337300963372145,0.7221410131263282,-0.024327807350430636,0.5159101001489869,-0.02909921048810582,0.9041944373120193,-0.0018171742388504973,0.6158827747088687,-0.0014689920658539218,1.1052456475223655,-0.006753525370547289,0.6447953325610954,0.0055565497257351465,0.7508910233085364,0.016392352031525087,0.517229768060238,0.011883805266989728,0.6183923132996002,-0.004533376667026113,0.45540090681841117,0.007897914775049746,0.9262704049563782,0.007155181821464926,0.5631240163813345,-0.002354043610887146,0.8225423428182074,0.002520295306141918,0.5108035022282081,0.46315893316318557,2.6044712084689996,94.62956172351696,5.027744606746694e-21,0.25983741104762764,0.3125492721256028,27.872493217449087,17.56435227522056,0.0011802131708453282,0.14853785197936548,167.7887740632026,54.912403099398915,400.0,50.90591164519275,349.09408835480724,0.3311534821871746,1.0,10.192253561758966,preprocessed_data\HC\processed_0017.wav,processed_0017.wav,conservative_filter,HC,0
0.0443068489569112,0.05684218327364111,0.45807343744907136,1.5771449352421953e-07,0.05684218328034425,0.18449859814016603,0.023494620711207472,1.2945215047660472,0.31621408391294914,2.4842600654821307,0.38479380685713005,400800,25.05,1912.3812590831976,648.5315956832859,2474.1716566866266,0.058306126506988784,-381.11280914230696,12.650766924897113,-200.34787146521418,-410.48151187895104,-15.559739482238747,7.980836006539889,73.74380722391632,-31.287437965986236,-276.47694549743625,11.647122869404289,-77.05634383120895,-297.5486941656314,8.20806294595999,8.05324813185979,35.604388723125,-16.464935217240864,9.377654482148403,7.362208056640458,33.67126884091369,-13.959651090179426,20.494444057691826,4.770321837982076,39.4370158600521,10.203368351317295,48.481502991896136,9.163431872733577,74.3174255146242,15.602523355010513,-5.224662735277133,6.005754675556922,7.168057762574295,-22.22983993123374,-5.932017950425176,5.00714119588449,8.070864564772195,-22.009328378319125,-13.156377162480346,6.3303902783313655,4.412332621860427,-24.338595408902314,11.253838027489882,6.533225165484949,26.199172724706276,-5.8850296061972935,3.112415314655005,3.9484272518593597,15.394472175280265,-9.326505466954139,-17.29429353399238,5.700424117789136,3.273412211790602,-27.283121434268402,-0.09034373428659061,2.099739539012504,0.12337849568564646,1.4307930742447712,-0.05047735285111107,1.1336631467010478,0.07209459549319977,0.8061801147865534,-0.1435761863715885,2.0188828027491312,0.12674202185594335,1.3389218068980409,0.026525235351677594,0.9025108646486971,0.007369815037146606,0.59515487674949,0.022150011842335393,0.7101596958078288,0.009043301966944192,0.49729518467989936,-0.00627993164558691,0.513588435727967,-0.0174548273924435,0.35131187861575286,0.004058249065967876,0.7641197711250836,-0.029979307901599316,0.46187660520032475,0.0025788746425876043,0.652396222376836,0.0016604503603804604,0.43636560153287246,0.012360054938007783,0.6577545362737388,-0.013516303579300754,0.4001310011140611,-0.0069684615719454845,0.6611029985218515,0.010339600139608243,0.4294699278941454,0.00957506372585453,0.5146581706735062,0.0056105104293982895,0.3452070296100225,0.0030763684521916725,0.4752336261901443,0.004575649089182929,0.3152752287003594,-0.023354411510968637,0.44289755303040157,0.006718129976253102,0.27106253022095583,0.5542241530464377,2.8497356655187125,61.38644796885443,8.927298558311759e-21,0.20333275486377342,0.27916228601090703,26.68862671765725,17.152773761123672,0.002464404698215447,0.10996458669012223,122.402643269569,45.61982958615355,400.0,66.45547404448317,333.54452595551686,0.3333179921866475,1.0,12.287359777409987,preprocessed_data\HC\processed_0018.wav,processed_0018.wav,conservative_filter,HC,0
0.021879657404949116,0.029935135036884865,0.4127876817407577,9.772686094871794e-08,0.029935135036890326,0.1605239516197422,0.0048304926632482545,0.3585538905784105,0.2237035404061409,1.2789620448625025,0.029541335267995524,377200,23.575,1857.747527006887,696.6934908682994,2693.913043478261,0.0260985301287853,-408.3904727700372,20.03949313691275,-332.8801054387546,-510.4771783158713,-8.724820584873354,7.382650375969771,48.87684432928599,-23.32081418407852,-275.6149874507678,12.858242931833944,-208.15338074117136,-302.04100230942055,-4.893807344884344,7.634546297203123,11.825067004626481,-34.072095075623594,-5.787581515789319,6.077278985148906,24.96717431400816,-15.502489264443753,27.51511395349715,3.9004142456637565,42.63051711768317,17.397966217850097,53.97483751434196,3.3366127464374404,60.6167996079666,33.73533452454702,-7.282564305285439,3.4982957220280615,-1.5058703042983406,-25.315748267630834,12.862160652380677,4.080218053395177,19.161848632840574,-9.61689569236409,-5.339754312309547,3.1048350481106977,4.6201771842218875,-15.27020411392811,-9.817878079918634,2.2350214036330556,0.9746910022217292,-16.11274929183726,-7.926937563630124,2.7526789956915474,5.656617356411289,-15.670026508808713,-14.041437420856706,2.3824428279565906,-1.638222888249234,-19.713375825889464,-0.006121806179354211,2.7800337799494517,0.024670576031771196,2.12414057049985,-0.03147437029657079,1.2617312996923336,0.0314988488978579,1.0771458346576512,0.004009664756722332,1.8812820196763633,0.06367908774000844,1.4358255658386156,0.0031912583470807554,1.2309992283621938,0.024266139156086042,1.1703547957469576,0.003813588380461495,0.7467262036232357,0.01363697425127584,0.48522868427390825,-0.008413417633114937,0.5138052421381019,-0.005126511296606207,0.34280278168387385,0.0013816533749370877,0.4768897634082949,-0.015987122904435942,0.35049484865772335,0.01533553117969002,0.41353242688619457,-0.012658490255946035,0.24604909986034737,0.010513070996951509,0.5374676282651433,-0.01673623945925674,0.38167796585851377,0.0013447094028395776,0.5361266159757296,0.0006844655245055047,0.3467087828292268,-0.011557222921832831,0.3317341846191891,1.5364649193056236e-05,0.23250036526232215,-0.010545404880931988,0.39168249780403547,0.007288753109655956,0.31643352428710037,-0.006722969904747874,0.29521272341191995,0.010549770803769195,0.21109477347608932,0.16383142396421074,0.9903564530962441,31.15460623905726,9.110742182425797e-21,0.23588930481855486,0.267056235464187,26.21626892246969,18.32251221396493,0.055273837778782975,0.1265508487470734,209.12218342999853,80.75911331608658,333.76136485676443,50.20484877896105,283.5565160778034,0.45905451102696865,1.0,8.732238895269916,preprocessed_data\HC\processed_0019.wav,processed_0019.wav,conservative_filter,HC,0
