feature,importance,window_size
w10ms_spectral_rolloff_std,0.03535353535353536,10
w20ms_spectral_bandwidth_median,0.030303030303030307,20
w5ms_energy_trend,0.030303030303030307,5
w20ms_spectral_bandwidth_trend,0.02184121920964027,20
w20ms_spectral_flux_trend,0.020202020202020207,20
w10ms_spectral_flux_trend,0.020202020202020207,10
w5ms_spectral_flux_trend,0.020202020202020207,5
w5ms_zcr_skew,0.018518518518518517,5
w10ms_mean_amplitude_range,0.018474215842636896,10
w10ms_spectral_bandwidth_kurtosis,0.018122400475341655,10
w20ms_spectral_bandwidth_mean,0.015151515151515154,20
w10ms_local_jitter_range,0.01515151515151515,10
w10ms_spectral_bandwidth_range,0.01515151515151515,10
w10ms_spectral_centroid_skew,0.013468013468013467,10
w10ms_spectral_flux_range,0.013423710792131848,10
w10ms_energy_trend,0.013423710792131846,10
w5ms_amplitude_variability_kurtosis,0.013366422849181474,5
w10ms_spectral_centroid_kurtosis,0.01319315605029891,10
w5ms_skewness_kurtosis,0.010101010101010104,5
w5ms_kurtosis_trend,0.010101010101010104,5
w20ms_zcr_kurtosis,0.010101010101010104,20
w20ms_rms_std,0.010101010101010104,20
w20ms_spectral_bandwidth_kurtosis,0.010101010101010104,20
w20ms_local_jitter_range,0.010101010101010104,20
w5ms_rms_range,0.010101010101010104,5
w5ms_energy_skew,0.010101010101010104,5
w5ms_energy_range,0.010101010101010104,5
w5ms_mean_amplitude_kurtosis,0.010101010101010104,5
w20ms_energy_skew,0.010101010101010104,20
w5ms_spectral_centroid_skew,0.010101010101010104,5
w10ms_energy_range,0.010101010101010104,10
w5ms_spectral_bandwidth_min,0.010101010101010104,5
w5ms_spectral_bandwidth_median,0.010101010101010104,5
w10ms_spectral_flux_median,0.010101010101010104,10
w10ms_period_variability_min,0.0101010101010101,10
w5ms_skewness_skew,0.0101010101010101,5
w20ms_energy_median,0.0101010101010101,20
w10ms_spectral_bandwidth_std,0.0101010101010101,10
w20ms_spectral_bandwidth_std,0.008417508417508419,20
w10ms_spectral_bandwidth_skew,0.008417508417508419,10
w20ms_period_variability_skew,0.008417508417508419,20
w10ms_mean_amplitude_kurtosis,0.008417508417508417,10
w10ms_rms_max,0.008373205741626796,10
w5ms_mean_amplitude_max,0.008315917798676424,5
w20ms_std_amplitude_kurtosis,0.008315917798676423,20
w20ms_spectral_flux_median,0.008021390374331553,20
w10ms_std_amplitude_std,0.007130124777183599,10
w20ms_amplitude_variability_median,0.006835597352838732,20
w20ms_zcr_range,0.006835597352838732,20
w20ms_period_variability_min,0.006835597352838732,20
w5ms_spectral_bandwidth_kurtosis,0.006835597352838731,5
w20ms_spectral_rolloff_std,0.006778309409888358,20
w20ms_energy_trend,0.006778309409888358,20
w5ms_mean_amplitude_range,0.0067340067340067354,5
w10ms_amplitude_variability_std,0.006734006734006735,10
w20ms_spectral_rolloff_skew,0.006632416115174736,20
w20ms_period_variability_kurtosis,0.005294322535701846,20
w10ms_std_amplitude_max,0.005107792993455423,10
w20ms_std_amplitude_skew,0.005050505050505054,20
w10ms_zcr_max,0.005050505050505054,10
w5ms_spectral_rolloff_std,0.0050505050505050535,5
w20ms_local_jitter_median,0.0050505050505050535,20
w20ms_skewness_kurtosis,0.0050505050505050535,20
w10ms_mean_amplitude_median,0.005050505050505053,10
w20ms_local_shimmer_std,0.005050505050505052,20
w20ms_std_amplitude_range,0.005050505050505052,20
w20ms_skewness_median,0.005050505050505052,20
w20ms_spectral_centroid_min,0.005050505050505052,20
w20ms_kurtosis_kurtosis,0.005050505050505052,20
w5ms_std_amplitude_kurtosis,0.005050505050505052,5
w5ms_std_amplitude_median,0.005050505050505052,5
w5ms_zcr_min,0.005050505050505052,5
w20ms_spectral_flux_std,0.005050505050505052,20
w5ms_mean_amplitude_median,0.005050505050505052,5
w5ms_zcr_max,0.005050505050505052,5
w20ms_std_amplitude_std,0.005050505050505052,20
w5ms_kurtosis_min,0.005050505050505052,5
w20ms_zcr_std,0.005050505050505052,20
w20ms_energy_range,0.005050505050505052,20
w10ms_period_variability_kurtosis,0.005050505050505052,10
w10ms_period_variability_range,0.005050505050505052,10
w10ms_std_amplitude_median,0.005050505050505052,10
w10ms_std_amplitude_kurtosis,0.005050505050505052,10
w10ms_spectral_flux_max,0.005050505050505052,10
w10ms_spectral_flux_mean,0.005050505050505052,10
w5ms_spectral_bandwidth_mean,0.005050505050505052,5
w10ms_zcr_kurtosis,0.005050505050505052,10
w10ms_zcr_trend,0.005050505050505052,10
w10ms_mean_amplitude_trend,0.005050505050505052,10
w10ms_rms_range,0.005050505050505052,10
w5ms_period_variability_max,0.005050505050505052,5
w10ms_energy_kurtosis,0.005050505050505052,10
w5ms_spectral_rolloff_median,0.005050505050505052,5
w5ms_local_jitter_max,0.005050505050505052,5
w5ms_local_jitter_min,0.005050505050505052,5
w20ms_amplitude_variability_min,0.005050505050505052,20
w5ms_energy_std,0.005050505050505052,5
w5ms_std_amplitude_std,0.004948914431673055,5
w5ms_spectral_bandwidth_trend,0.003468593985835364,5
w20ms_std_amplitude_median,0.0033670033670033673,20
w5ms_spectral_centroid_range,0.0033670033670033673,5
w20ms_local_jitter_kurtosis,0.0033670033670033673,20
w5ms_rms_max,0.0033670033670033673,5
w20ms_mean_amplitude_std,0.003367003367003367,20
w20ms_energy_max,0.0033227006911217436,20
w5ms_skewness_trend,0.0032654127481713704,5
w20ms_period_variability_range,0.0032654127481713704,20
w20ms_local_shimmer_trend,0.0032654127481713704,20
w5ms_kurtosis_skew,0.0032654127481713696,5
w10ms_std_amplitude_range,0.0032654127481713696,10
w20ms_skewness_min,0.003137434955616773,20
w10ms_skewness_kurtosis,0.003030303030303031,10
w20ms_spectral_flux_mean,0.002984389348025712,20
w20ms_mean_amplitude_skew,0.0027864855451062358,20
w5ms_period_variability_trend,0.002784252784252782,5
w20ms_spectral_centroid_kurtosis,0.0022662522662522696,20
w10ms_rms_median,0.00207961972667855,10
w10ms_spectral_centroid_max,0.0020202020202020206,10
w5ms_kurtosis_median,0.0020202020202020206,5
w20ms_local_jitter_trend,0.001958359101216245,20
w20ms_spectral_flux_max,0.0019310754604872254,20
w10ms_amplitude_variability_range,0.0019130700948882778,10
w10ms_local_jitter_median,0.001785092302333681,10
w5ms_spectral_rolloff_range,0.001785092302333681,5
w10ms_skewness_std,0.001785092302333681,10
w10ms_kurtosis_kurtosis,0.001785092302333679,10
w20ms_zcr_trend,0.0017278043593833062,20
w10ms_spectral_rolloff_skew,0.0017278043593833062,10
w20ms_std_amplitude_trend,0.0017278043593833062,20
w10ms_spectral_flux_kurtosis,0.0017278043593833062,10
w20ms_period_variability_trend,0.0017278043593833062,20
w10ms_kurtosis_range,0.0016835016835016845,10
w10ms_skewness_min,0.0016835016835016845,10
w5ms_period_variability_skew,0.0016835016835016845,5
w10ms_spectral_rolloff_range,0.0016835016835016845,10
w10ms_spectral_rolloff_max,0.0016835016835016845,10
w20ms_spectral_centroid_std,0.0016835016835016845,20
w5ms_zcr_kurtosis,0.0016835016835016845,5
w20ms_num_windows,0.0016835016835016845,20
w20ms_local_shimmer_min,0.0016835016835016845,20
w10ms_rms_std,0.0016835016835016836,10
w10ms_spectral_bandwidth_trend,0.0016835016835016836,10
w10ms_skewness_mean,0.0016835016835016836,10
w20ms_f0_autocorr_kurtosis,0.00013504024199211386,20
w5ms_spectral_centroid_median,3.644671545486624e-18,5
w20ms_amplitude_variability_kurtosis,3.1960965860421175e-18,20
w20ms_local_jitter_min,3.1035780006566887e-18,20
w20ms_local_jitter_max,2.298946667153101e-18,20
w20ms_std_amplitude_mean,2.242874797222539e-18,20
w10ms_mean_amplitude_min,2.242874797222539e-18,10
w10ms_spectral_rolloff_mean,2.0666489202979093e-18,10
w5ms_spectral_centroid_min,1.9625154475697207e-18,5
w10ms_kurtosis_min,1.6821560979169033e-18,10
w20ms_spectral_bandwidth_skew,1.3667518295574843e-18,20
w20ms_rms_min,1.3667518295574843e-18,20
w5ms_rms_kurtosis,1.3667518295574843e-18,5
w20ms_amplitude_variability_mean,1.3667518295574843e-18,20
w10ms_local_jitter_skew,1.3667518295574843e-18,10
w5ms_local_shimmer_range,0.0,5
w5ms_local_shimmer_median,0.0,5
w5ms_local_shimmer_max,0.0,5
w5ms_local_shimmer_min,0.0,5
w5ms_local_shimmer_std,0.0,5
w5ms_local_shimmer_mean,0.0,5
w5ms_period_variability_kurtosis,0.0,5
w5ms_period_variability_range,0.0,5
w5ms_period_variability_median,0.0,5
w5ms_period_variability_min,0.0,5
w5ms_period_variability_std,0.0,5
w5ms_period_variability_mean,0.0,5
w5ms_local_jitter_trend,0.0,5
w10ms_energy_min,0.0,10
w10ms_energy_std,0.0,10
w10ms_energy_mean,0.0,10
w5ms_overlap_samples,0.0,5
w5ms_window_samples,0.0,5
w5ms_num_windows,0.0,5
w5ms_amplitude_variability_trend,0.0,5
w5ms_amplitude_variability_skew,0.0,5
w5ms_amplitude_variability_range,0.0,5
w5ms_amplitude_variability_median,0.0,5
w5ms_amplitude_variability_max,0.0,5
w5ms_amplitude_variability_min,0.0,5
w5ms_amplitude_variability_std,0.0,5
w5ms_amplitude_variability_mean,0.0,5
w5ms_local_shimmer_trend,0.0,5
w5ms_local_shimmer_kurtosis,0.0,5
w10ms_energy_skew,0.0,10
w5ms_spectral_flux_median,0.0,5
w5ms_spectral_flux_max,0.0,5
w5ms_spectral_flux_min,0.0,5
w5ms_spectral_flux_std,0.0,5
w5ms_spectral_flux_mean,0.0,5
w5ms_spectral_rolloff_trend,0.0,5
w5ms_spectral_rolloff_kurtosis,0.0,5
w5ms_spectral_rolloff_skew,0.0,5
w5ms_spectral_rolloff_max,0.0,5
w5ms_spectral_rolloff_min,0.0,5
w5ms_spectral_rolloff_mean,0.0,5
w10ms_energy_median,0.0,10
w10ms_energy_max,0.0,10
w10ms_mean_amplitude_std,0.0,10
w10ms_mean_amplitude_mean,0.0,10
w10ms_zcr_skew,0.0,10
w10ms_zcr_range,0.0,10
w10ms_zcr_median,0.0,10
w10ms_zcr_min,0.0,10
w10ms_zcr_std,0.0,10
w10ms_zcr_mean,0.0,10
w10ms_rms_trend,0.0,10
w10ms_rms_kurtosis,0.0,10
w10ms_rms_skew,0.0,10
w10ms_rms_min,0.0,10
w10ms_rms_mean,0.0,10
w10ms_std_amplitude_min,0.0,10
w5ms_spectral_bandwidth_skew,0.0,5
w5ms_spectral_bandwidth_range,0.0,5
w5ms_spectral_bandwidth_max,0.0,5
w5ms_spectral_bandwidth_std,0.0,5
w5ms_spectral_centroid_trend,0.0,5
w5ms_spectral_centroid_kurtosis,0.0,5
w5ms_spectral_centroid_max,0.0,5
w5ms_spectral_centroid_std,0.0,5
w5ms_spectral_centroid_mean,0.0,5
w10ms_std_amplitude_mean,0.0,10
w10ms_mean_amplitude_skew,0.0,10
w10ms_mean_amplitude_max,0.0,10
w10ms_kurtosis_max,0.0,10
w10ms_kurtosis_std,0.0,10
w10ms_kurtosis_mean,0.0,10
w10ms_skewness_trend,0.0,10
w10ms_skewness_skew,0.0,10
w10ms_skewness_range,0.0,10
w10ms_skewness_median,0.0,10
w10ms_skewness_max,0.0,10
w10ms_std_amplitude_trend,0.0,10
w10ms_std_amplitude_skew,0.0,10
w10ms_f0_confidence_std,0.0,10
w10ms_f0_confidence_mean,0.0,10
w10ms_f0_autocorr_trend,0.0,10
w10ms_f0_autocorr_kurtosis,0.0,10
w10ms_f0_autocorr_skew,0.0,10
w10ms_f0_autocorr_range,0.0,10
w10ms_f0_autocorr_median,0.0,10
w10ms_f0_autocorr_max,0.0,10
w10ms_f0_autocorr_min,0.0,10
w10ms_f0_autocorr_std,0.0,10
w10ms_f0_autocorr_mean,0.0,10
w10ms_kurtosis_trend,0.0,10
w10ms_kurtosis_skew,0.0,10
w10ms_kurtosis_median,0.0,10
w10ms_spectral_bandwidth_min,0.0,10
w10ms_spectral_bandwidth_mean,0.0,10
w10ms_spectral_centroid_trend,0.0,10
w10ms_spectral_centroid_range,0.0,10
w10ms_spectral_centroid_median,0.0,10
w10ms_spectral_centroid_min,0.0,10
w10ms_spectral_centroid_std,0.0,10
w10ms_spectral_centroid_mean,0.0,10
w10ms_f0_confidence_trend,0.0,10
w10ms_f0_confidence_kurtosis,0.0,10
w10ms_f0_confidence_skew,0.0,10
w10ms_f0_confidence_range,0.0,10
w10ms_f0_confidence_median,0.0,10
w10ms_f0_confidence_max,0.0,10
w10ms_f0_confidence_min,0.0,10
w5ms_f0_autocorr_min,0.0,5
w10ms_spectral_flux_skew,0.0,10
w10ms_spectral_flux_min,0.0,10
w10ms_spectral_flux_std,0.0,10
w10ms_spectral_rolloff_trend,0.0,10
w10ms_spectral_rolloff_kurtosis,0.0,10
w10ms_spectral_rolloff_median,0.0,10
w10ms_spectral_rolloff_min,0.0,10
w10ms_spectral_bandwidth_median,0.0,10
w10ms_spectral_bandwidth_max,0.0,10
w10ms_local_jitter_mean,0.0,10
w5ms_f0_confidence_trend,0.0,5
w5ms_f0_confidence_kurtosis,0.0,5
w5ms_f0_confidence_skew,0.0,5
w5ms_f0_confidence_range,0.0,5
w5ms_f0_confidence_median,0.0,5
w5ms_f0_confidence_max,0.0,5
w5ms_f0_confidence_min,0.0,5
w5ms_f0_confidence_std,0.0,5
w5ms_f0_confidence_mean,0.0,5
w5ms_f0_autocorr_trend,0.0,5
w5ms_f0_autocorr_kurtosis,0.0,5
w5ms_f0_autocorr_skew,0.0,5
w5ms_f0_autocorr_range,0.0,5
w5ms_f0_autocorr_median,0.0,5
w5ms_f0_autocorr_max,0.0,5
w10ms_local_shimmer_min,0.0,10
w10ms_local_shimmer_std,0.0,10
w10ms_local_shimmer_mean,0.0,10
w10ms_period_variability_trend,0.0,10
w10ms_period_variability_skew,0.0,10
w10ms_period_variability_median,0.0,10
w10ms_period_variability_max,0.0,10
w10ms_period_variability_std,0.0,10
w10ms_period_variability_mean,0.0,10
w10ms_local_jitter_trend,0.0,10
w10ms_local_jitter_kurtosis,0.0,10
w5ms_mean_amplitude_mean,0.0,5
w5ms_zcr_trend,0.0,5
w10ms_local_jitter_max,0.0,10
w10ms_local_jitter_min,0.0,10
w10ms_local_jitter_std,0.0,10
w10ms_window_samples,0.0,10
w10ms_num_windows,0.0,10
w10ms_amplitude_variability_trend,0.0,10
w10ms_amplitude_variability_kurtosis,0.0,10
w10ms_amplitude_variability_skew,0.0,10
w20ms_local_shimmer_skew,0.0,20
w10ms_amplitude_variability_median,0.0,10
w10ms_amplitude_variability_max,0.0,10
w10ms_amplitude_variability_min,0.0,10
w10ms_amplitude_variability_mean,0.0,10
w10ms_local_shimmer_trend,0.0,10
w10ms_local_shimmer_kurtosis,0.0,10
w10ms_local_shimmer_skew,0.0,10
w10ms_local_shimmer_range,0.0,10
w10ms_local_shimmer_median,0.0,10
w10ms_local_shimmer_max,0.0,10
w20ms_zcr_min,0.0,20
w20ms_zcr_mean,0.0,20
w20ms_rms_trend,0.0,20
w20ms_rms_kurtosis,0.0,20
w20ms_rms_skew,0.0,20
w20ms_rms_range,0.0,20
w20ms_rms_median,0.0,20
w20ms_rms_max,0.0,20
w20ms_spectral_flux_min,0.0,20
w20ms_rms_mean,0.0,20
w20ms_energy_kurtosis,0.0,20
w5ms_zcr_range,0.0,5
w20ms_energy_min,0.0,20
w20ms_energy_std,0.0,20
w20ms_energy_mean,0.0,20
w10ms_overlap_samples,0.0,10
w5ms_zcr_median,0.0,5
w5ms_f0_autocorr_std,0.0,5
w5ms_f0_autocorr_mean,0.0,5
w5ms_kurtosis_kurtosis,0.0,5
w5ms_energy_max,0.0,5
w5ms_kurtosis_range,0.0,5
w20ms_window_samples,0.0,20
w5ms_kurtosis_max,0.0,5
w5ms_kurtosis_std,0.0,5
w5ms_kurtosis_mean,0.0,5
w20ms_local_jitter_std,0.0,20
w5ms_skewness_range,0.0,5
w5ms_skewness_median,0.0,5
w20ms_zcr_skew,0.0,20
w20ms_zcr_median,0.0,20
w20ms_zcr_max,0.0,20
w20ms_skewness_std,0.0,20
w20ms_skewness_mean,0.0,20
w20ms_local_jitter_mean,0.0,20
w20ms_spectral_flux_kurtosis,0.0,20
w20ms_std_amplitude_max,0.0,20
w20ms_std_amplitude_min,0.0,20
w20ms_spectral_flux_skew,0.0,20
w20ms_mean_amplitude_trend,0.0,20
w20ms_mean_amplitude_kurtosis,0.0,20
w20ms_spectral_flux_range,0.0,20
w20ms_mean_amplitude_range,0.0,20
w20ms_mean_amplitude_median,0.0,20
w20ms_mean_amplitude_max,0.0,20
w20ms_mean_amplitude_min,0.0,20
w20ms_overlap_samples,0.0,20
w20ms_mean_amplitude_mean,0.0,20
w20ms_f0_autocorr_min,0.0,20
w20ms_f0_autocorr_std,0.0,20
w20ms_f0_autocorr_mean,0.0,20
w20ms_kurtosis_trend,0.0,20
w20ms_kurtosis_skew,0.0,20
w20ms_kurtosis_range,0.0,20
w20ms_kurtosis_median,0.0,20
w20ms_kurtosis_max,0.0,20
w20ms_kurtosis_min,0.0,20
w20ms_kurtosis_std,0.0,20
w20ms_kurtosis_mean,0.0,20
w20ms_skewness_trend,0.0,20
w20ms_skewness_skew,0.0,20
w20ms_skewness_range,0.0,20
w20ms_skewness_max,0.0,20
w5ms_local_jitter_kurtosis,0.0,5
w20ms_spectral_centroid_mean,0.0,20
w20ms_f0_confidence_trend,0.0,20
w20ms_f0_confidence_kurtosis,0.0,20
w20ms_f0_confidence_skew,0.0,20
w20ms_f0_confidence_range,0.0,20
w20ms_f0_confidence_median,0.0,20
w20ms_f0_confidence_max,0.0,20
w20ms_f0_confidence_min,0.0,20
w20ms_f0_confidence_std,0.0,20
w20ms_f0_confidence_mean,0.0,20
w20ms_f0_autocorr_trend,0.0,20
w5ms_local_jitter_skew,0.0,5
w20ms_f0_autocorr_skew,0.0,20
w20ms_f0_autocorr_range,0.0,20
w20ms_f0_autocorr_median,0.0,20
w20ms_f0_autocorr_max,0.0,20
w5ms_skewness_mean,0.0,5
w5ms_std_amplitude_trend,0.0,5
w5ms_std_amplitude_skew,0.0,5
w5ms_std_amplitude_range,0.0,5
w5ms_std_amplitude_max,0.0,5
w5ms_std_amplitude_min,0.0,5
w5ms_local_jitter_range,0.0,5
w5ms_std_amplitude_mean,0.0,5
w5ms_mean_amplitude_trend,0.0,5
w5ms_mean_amplitude_skew,0.0,5
w5ms_local_jitter_median,0.0,5
w20ms_spectral_centroid_skew,0.0,20
w20ms_spectral_centroid_range,0.0,20
w20ms_spectral_centroid_median,0.0,20
w20ms_spectral_centroid_max,0.0,20
w5ms_local_jitter_std,0.0,5
w5ms_local_jitter_mean,0.0,5
w20ms_spectral_rolloff_trend,0.0,20
w20ms_spectral_rolloff_kurtosis,0.0,20
w20ms_spectral_rolloff_range,0.0,20
w20ms_spectral_rolloff_median,0.0,20
w20ms_spectral_rolloff_max,0.0,20
w20ms_spectral_rolloff_min,0.0,20
w20ms_spectral_rolloff_mean,0.0,20
w5ms_spectral_flux_kurtosis,0.0,5
w20ms_spectral_bandwidth_range,0.0,20
w20ms_spectral_bandwidth_max,0.0,20
w20ms_spectral_bandwidth_min,0.0,20
w20ms_spectral_centroid_trend,0.0,20
w5ms_skewness_max,0.0,5
w5ms_skewness_min,0.0,5
w5ms_skewness_std,0.0,5
w20ms_local_shimmer_median,0.0,20
w20ms_local_shimmer_max,0.0,20
w5ms_spectral_flux_skew,0.0,5
w5ms_spectral_flux_range,0.0,5
w5ms_rms_skew,0.0,5
w5ms_rms_median,0.0,5
w5ms_energy_median,0.0,5
w5ms_rms_min,0.0,5
w5ms_rms_std,0.0,5
w5ms_rms_mean,0.0,5
w5ms_energy_kurtosis,0.0,5
w5ms_energy_min,0.0,5
w20ms_local_jitter_skew,0.0,20
w5ms_mean_amplitude_min,0.0,5
w5ms_mean_amplitude_std,0.0,5
w20ms_local_shimmer_range,0.0,20
w5ms_energy_mean,0.0,5
w20ms_local_shimmer_mean,0.0,20
w20ms_period_variability_median,0.0,20
w5ms_zcr_std,0.0,5
w5ms_zcr_mean,0.0,5
w5ms_rms_trend,0.0,5
w20ms_amplitude_variability_trend,0.0,20
w20ms_period_variability_max,0.0,20
w20ms_amplitude_variability_skew,0.0,20
w20ms_amplitude_variability_range,0.0,20
w20ms_amplitude_variability_max,0.0,20
w20ms_amplitude_variability_std,0.0,20
w20ms_period_variability_std,0.0,20
w5ms_local_shimmer_skew,0.0,5
w20ms_local_shimmer_kurtosis,0.0,20
w20ms_period_variability_mean,0.0,20
